{
  "indexes": [
    {
      "collectionGroup": "trips",
      "queryScope": "COLLECTION",
      "fields": [
        { "fieldPath": "status", "order": "ASCENDING" },
        { "fieldPath": "createdAt", "order": "DESCENDING" }
      ]
    },
    {
      "collectionGroup": "maintenance_logs",
      "queryScope": "COLLECTION",
      "fields": [
        { "fieldPath": "vehicle_id", "order": "ASCENDING" },
        { "fieldPath": "createdAt", "order": "DESCENDING" }
      ]
    },
    {
      "collectionGroup": "fuel_logs",
      "queryScope": "COLLECTION",
      "fields": [
        { "fieldPath": "vehicle_id", "order": "ASCENDING" },
        { "fieldPath": "createdAt", "order": "DESCENDING" }
      ]
    }
  ],
  "fieldOverrides": []
}
